,ImageId,class
0,3481063498.jpg,boat
1,4181071431.jpg,nature
2,3460274779.jpg,nature
3,3740499663.jpg,nature
4,4873668430.jpg,nature
5,2737889531.jpg,nature
6,3663496403.jpg,nature
7,4930073530.jpg,nature
8,3151662452.jpg,nature
9,4710470404.jpg,nature
10,3205067422.jpg,nature
11,4405068478.jpg,nature
12,3055266405.jpg,nature
13,4959669501.jpg,nature
14,4163263597.jpg,nature
15,4935866551.jpg,nature
16,2746860419.jpg,nature
17,3532865496.jpg,nature
18,4842468970.jpg,nature
19,5038279475.jpg,nature
20,2951455402.jpg,nature
21,3894869403.jpg,nature
22,2831458402.jpg,nature
23,4838071401.jpg,nature
24,3039062402.jpg,nature
25,3150261500.jpg,nature
26,4152867397.jpg,nature
27,3360864400.jpg,nature
28,5017464405.jpg,nature
29,3349069466.jpg,nature
30,3931872436.jpg,nature
31,4275870405.jpg,nature
32,4686861171.jpg,nature
33,3439467503.jpg,nature
34,3175467405.jpg,nature
35,4023867400.jpg,nature
36,3252667442.jpg,nature
37,3000489495.jpg,nature
38,3872457504.jpg,nature
39,3958672419.jpg,nature
40,4378271402.jpg,nature
41,4273073659.jpg,nature
42,4330870663.jpg,nature
43,4390069500.jpg,nature
44,4525068933.jpg,nature
45,5016068454.jpg,nature
46,3657496406.jpg,nature
47,3764295272.jpg,nature
48,2601459502.jpg,nature
49,3786501120.jpg,nature
50,3489865517.jpg,nature
51,3527065731.jpg,nature
52,4735665502.jpg,nature
53,4132053391.jpg,nature
54,4470270428.jpg,nature
55,2607470806.jpg,nature
56,2497693504.jpg,nature
57,4109867406.jpg,nature
58,2899662404.jpg,nature
59,3440860404.jpg,nature
60,4583069495.jpg,nature
61,4235866454.jpg,nature
62,4451066587.jpg,nature
63,4568074753.jpg,nature
64,4244875398.jpg,nature
65,4458465500.jpg,nature
66,3986669512.jpg,nature
67,3270465474.jpg,nature
68,3639668214.jpg,nature
69,4028270265.jpg,nature
70,3322268347.jpg,nature
71,3777698402.jpg,nature
72,4775876583.jpg,nature
73,2530292827.jpg,nature
74,4117268399.jpg,nature
75,2809052541.jpg,nature
76,4772869241.jpg,nature
77,2476896402.jpg,nature
78,3378667420.jpg,nature
79,4068273421.jpg,nature
80,3721298843.jpg,nature
81,3228873498.jpg,nature
82,3371264403.jpg,nature
83,3773094476.jpg,nature
84,4541470410.jpg,nature
85,2586663808.jpg,nature
86,3271864939.jpg,nature
87,3417271396.jpg,nature
88,2861054471.jpg,nature
89,4212267434.jpg,nature
90,3798299430.jpg,nature
91,5027866403.jpg,nature
92,4704671404.jpg,nature
93,3693089566.jpg,nature
94,4980470379.jpg,nature
95,3492861551.jpg,nature
96,3497268154.jpg,nature
97,4311468195.jpg,nature
98,2862464414.jpg,nature
99,3027096428.jpg,nature
100,4063876403.jpg,nature
101,3007890401.jpg,nature
102,3650068404.jpg,nature
103,3679704955.jpg,nature
104,4922671400.jpg,nature
105,3565467478.jpg,nature
106,2668260406.jpg,nature
107,4151466401.jpg,nature
108,2829855464.jpg,nature
109,4262667402.jpg,nature
110,2729062421.jpg,nature
111,3614464588.jpg,nature
112,4855872398.jpg,nature
113,3758299929.jpg,nature
114,4192867447.jpg,nature
115,5029462400.jpg,nature
116,4999669500.jpg,nature
117,3771695409.jpg,nature
118,4422868408.jpg,nature
119,3811692407.jpg,nature
120,3974870465.jpg,nature
121,3770294404.jpg,nature
122,3326676367.jpg,nature
123,4421271457.jpg,nature
124,3896274430.jpg,nature
125,3985269521.jpg,nature
126,3684093530.jpg,nature
127,4848471402.jpg,nature
128,4397663409.jpg,nature
129,4327867810.jpg,nature
130,3620467369.jpg,nature
131,4271467128.jpg,nature
132,4011869001.jpg,nature
133,2693463796.jpg,nature
134,4523669501.jpg,nature
135,2610461531.jpg,nature
136,4448067116.jpg,nature
137,3473667240.jpg,nature
138,3179865498.jpg,nature
139,4511870401.jpg,nature
140,2502084404.jpg,nature
141,4904872403.jpg,nature
142,2643064438.jpg,nature
143,2478487403.jpg,nature
144,2838862431.jpg,nature
145,2614865405.jpg,nature
146,3234871419.jpg,nature
147,4375273108.jpg,nature
148,3042071401.jpg,nature
149,4462871302.jpg,nature
150,2853659000.jpg,nature
151,3458668853.jpg,nature
152,4795067794.jpg,nature
153,2721662404.jpg,nature
154,4891468340.jpg,nature
155,4298273026.jpg,nature
156,2702261497.jpg,nature
157,5044268406.jpg,nature
158,4402072399.jpg,nature
159,4689677398.jpg,nature
160,4243266400.jpg,nature
161,2717260474.jpg,nature
162,2798655399.jpg,nature
163,3070261539.jpg,nature
164,3065663158.jpg,nature
165,4283465517.jpg,nature
166,3442472395.jpg,nature
167,3294070402.jpg,nature
168,3464668451.jpg,nature
169,3064262427.jpg,nature
170,4941879395.jpg,nature
171,4354666414.jpg,nature
172,2772054401.jpg,nature
173,4581471434.jpg,nature
174,3586267390.jpg,nature
175,4645271417.jpg,nature
176,3584866405.jpg,nature
177,3887467403.jpg,nature
178,4136468404.jpg,nature
179,3869664402.jpg,nature
180,3227467405.jpg,nature
181,2496088401.jpg,nature
182,2769055401.jpg,nature
183,4388669610.jpg,nature
184,3368266406.jpg,nature
185,3108662400.jpg,nature
186,3257067312.jpg,nature
187,5022067399.jpg,nature
188,3475065250.jpg,nature
189,2905461625.jpg,nature
190,3335671444.jpg,nature
191,3538866402.jpg,nature
192,3915468094.jpg,nature
193,4964075401.jpg,nature
194,2484285648.jpg,nature
195,2878863405.jpg,nature
196,4170663404.jpg,nature
197,3258469485.jpg,nature
198,4007466403.jpg,nature
199,4780275458.jpg,nature
200,2880267399.jpg,nature
201,2519889402.jpg,nature
202,4793668046.jpg,nature
203,3056866430.jpg,nature
204,2669661501.jpg,nature
205,4854469526.jpg,nature
206,4818861507.jpg,nature
207,3805893470.jpg,nature
208,3746494405.jpg,nature
209,4620070402.jpg,nature
210,5019064415.jpg,nature
211,3254067408.jpg,nature
212,4230071591.jpg,nature
213,3090859675.jpg,nature
214,3658901407.jpg,nature
215,2826859892.jpg,nature
216,2654865401.jpg,nature
217,3541868133.jpg,nature
218,2555487401.jpg,nature
219,3171070560.jpg,nature
220,4534067346.jpg,nature
221,3979268404.jpg,nature
222,3599667514.jpg,nature
223,3670900731.jpg,nature
224,2660858404.jpg,nature
225,3506250802.jpg,nature
226,4952272413.jpg,nature
227,3943653671.jpg,nature
228,4584470169.jpg,nature
229,2990085481.jpg,nature
230,4366462361.jpg,nature
231,4943471401.jpg,nature
232,3047867099.jpg,nature
233,3301467466.jpg,nature
234,4832066549.jpg,nature
235,2763256402.jpg,nature
236,3013894413.jpg,nature
237,4041672436.jpg,nature
238,2979657530.jpg,nature
239,4562272401.jpg,nature
240,3331269500.jpg,nature
241,3467669486.jpg,nature
242,4145460405.jpg,nature
243,3423067795.jpg,nature
244,4019466464.jpg,nature
245,4047469645.jpg,nature
246,3982268405.jpg,nature
247,4121664933.jpg,nature
248,3848867401.jpg,nature
249,4087665400.jpg,nature
250,3436463405.jpg,nature
251,4446474425.jpg,nature
252,3607072400.jpg,nature
253,4138067556.jpg,nature
254,4098068405.jpg,nature
255,4043066720.jpg,nature
256,2690465151.jpg,nature
257,3690095400.jpg,nature
258,4022265405.jpg,nature
259,3592262212.jpg,nature
260,3003489672.jpg,nature
261,4771270465.jpg,nature
262,4050465965.jpg,nature
263,4809875507.jpg,nature
264,4238868402.jpg,nature
265,4467267452.jpg,nature
266,2470884402.jpg,nature
267,4637872402.jpg,nature
268,4648275915.jpg,nature
269,3251060805.jpg,nature
270,4915271399.jpg,nature
271,3961470313.jpg,nature
272,2708268404.jpg,nature
273,2479894757.jpg,nature
274,3666495784.jpg,nature
275,3624871450.jpg,nature
276,3377271440.jpg,nature
277,4479070310.jpg,nature
278,3169466403.jpg,nature
279,3853263407.jpg,nature
280,4760871402.jpg,nature
281,3561067400.jpg,nature
282,3562672465.jpg,nature
283,3893265509.jpg,nature
284,3206671596.jpg,nature
285,2887658725.jpg,nature
286,4909272930.jpg,nature
287,3866668297.jpg,nature
288,3208068221.jpg,nature
289,4789067412.jpg,nature
290,3567064405.jpg,nature
291,2634068367.jpg,nature
292,2776456403.jpg,nature
293,3860664400.jpg,nature
294,4348670407.jpg,nature
295,2644460439.jpg,nature
296,4227065501.jpg,nature
297,4118663920.jpg,nature
298,2546685476.jpg,nature
299,2490290404.jpg,nature
300,3160666407.jpg,nature
301,4712076392.jpg,nature
302,3479463414.jpg,nature
303,2929257616.jpg,nature
304,2491691889.jpg,nature
305,4667472287.jpg,nature
306,2533290734.jpg,nature
307,3785094448.jpg,nature
308,5047273527.jpg,nature
309,2938262461.jpg,nature
310,2944058690.jpg,nature
311,4120275340.jpg,nature
312,4499871398.jpg,nature
313,4566665480.jpg,nature
314,4274482578.jpg,nature
315,5011668411.jpg,nature
316,3687099426.jpg,nature
317,3297069677.jpg,nature
318,4295272404.jpg,nature
319,3804298401.jpg,nature
320,3080462478.jpg,nature
321,3225871404.jpg,nature
322,2600060407.jpg,nature
323,4502871638.jpg,nature
324,2712661036.jpg,nature
325,2568868394.jpg,nature
326,4516269522.jpg,nature
327,4044666506.jpg,nature
328,3260068234.jpg,nature
329,4103870402.jpg,nature
330,4918074650.jpg,nature
331,4289269495.jpg,nature
332,3504667601.jpg,nature
333,3537265171.jpg,nature
334,3365267404.jpg,nature
335,3605664404.jpg,nature
336,3696095405.jpg,nature
337,2936659404.jpg,nature
338,3906667398.jpg,nature
339,4783271402.jpg,nature
340,4250666403.jpg,nature
341,4882667127.jpg,nature
342,4634875425.jpg,nature
343,3694495447.jpg,nature
344,3133864402.jpg,nature
345,4350072779.jpg,nature
346,4769871408.jpg,nature
347,2767652408.jpg,nature
348,3564067406.jpg,nature
349,3701894407.jpg,nature
350,4187064398.jpg,nature
351,4069867888.jpg,nature
352,4258267573.jpg,nature
353,3700491514.jpg,nature
354,2739487177.jpg,nature
355,4086067405.jpg,nature
356,3968871412.jpg,nature
357,2898061514.jpg,nature
358,2766058399.jpg,nature
359,3288271399.jpg,nature
360,3707894523.jpg,nature
361,3354869581.jpg,nature
362,2998892405.jpg,nature
363,3114661495.jpg,nature
364,4321875788.jpg,nature
365,2675659381.jpg,nature
366,4307068424.jpg,nature
367,2969261490.jpg,nature
368,2775054403.jpg,nature
369,3446868171.jpg,nature
370,3578863466.jpg,nature
371,3510668799.jpg,nature
372,2901056404.jpg,nature
373,3529868322.jpg,nature
374,4811465486.jpg,nature
375,4885471461.jpg,nature
376,3295667510.jpg,nature
377,4301276393.jpg,nature
378,3691695398.jpg,nature
379,4052067627.jpg,nature
380,3736094400.jpg,nature
381,3626270314.jpg,nature
382,2500684426.jpg,nature
383,4928471405.jpg,nature
384,3267468099.jpg,nature
385,3219862208.jpg,nature
386,4139467405.jpg,nature
387,3405268204.jpg,nature
388,2926267402.jpg,nature
389,4231471584.jpg,nature
390,4356068399.jpg,nature
391,4084666586.jpg,nature
392,3756892250.jpg,nature
393,4409471662.jpg,nature
394,4141064400.jpg,nature
395,2709663403.jpg,nature
396,3923075419.jpg,nature
397,3088061474.jpg,nature
398,2623663209.jpg,nature
399,2588054398.jpg,nature
400,4590470401.jpg,nature
401,4225467171.jpg,nature
402,3900664406.jpg,nature
403,4876669403.jpg,nature
404,4550273515.jpg,nature
405,3006496436.jpg,nature
406,2939659535.jpg,nature
407,2522891435.jpg,nature
408,2651859402.jpg,nature
409,3018296402.jpg,nature
410,3311868400.jpg,nature
411,5010071404.jpg,nature
412,2687460408.jpg,nature
413,4845467400.jpg,nature
414,3073062171.jpg,nature
415,3850266732.jpg,nature
416,2715663403.jpg,nature
417,2524288469.jpg,nature
418,3875468405.jpg,nature
419,2993087199.jpg,nature
420,3558063402.jpg,nature
421,4547476350.jpg,nature
422,2911457515.jpg,nature
423,4255274616.jpg,nature
424,4989274677.jpg,nature
425,4709074824.jpg,nature
426,2666660398.jpg,nature
427,2589664421.jpg,nature
428,4363472414.jpg,nature
429,3452866558.jpg,nature
430,3426068428.jpg,nature
431,3123656943.jpg,nature
432,4894470829.jpg,nature
433,3970464401.jpg,nature
434,2846257504.jpg,nature
435,3753899589.jpg,nature
436,3608465406.jpg,nature
437,4316065504.jpg,nature
438,3089444272.jpg,nature
439,2984090639.jpg,nature
440,2843260388.jpg,nature
441,4126266586.jpg,nature
442,3147264403.jpg,nature
443,2694868230.jpg,nature
444,4756462416.jpg,nature
445,5024865661.jpg,nature
446,4682270402.jpg,nature
447,4290868341.jpg,nature
448,3067264405.jpg,nature
449,4602274402.jpg,nature
450,2918858399.jpg,nature
451,3647071404.jpg,nature
452,4639271407.jpg,nature
453,5048667424.jpg,nature
454,4461275467.jpg,nature
455,2807656404.jpg,nature
456,3940867146.jpg,nature
457,3828096404.jpg,nature
458,2748257032.jpg,nature
459,4878070412.jpg,nature
460,2932260238.jpg,nature
461,4428671193.jpg,nature
462,3265868919.jpg,nature
463,3347467480.jpg,nature
464,2723065411.jpg,nature
465,5002671413.jpg,nature
466,5035268395.jpg,nature
467,4189870569.jpg,nature
468,4154275138.jpg,nature
469,2635661634.jpg,nature
470,2818060395.jpg,nature
471,3369667536.jpg,nature
472,3515064400.jpg,nature
473,3801295401.jpg,nature
474,3874069517.jpg,nature
475,2960459403.jpg,nature
476,3618866842.jpg,nature
477,4333870660.jpg,nature
478,4424267202.jpg,nature
479,4277472399.jpg,nature
480,4976072461.jpg,nature
481,5050262406.jpg,nature
482,4900271405.jpg,nature
483,4627470392.jpg,nature
484,3172471460.jpg,nature
485,4344270403.jpg,nature
486,3209668146.jpg,nature
487,4759471401.jpg,nature
488,2967859429.jpg,nature
489,3581863399.jpg,nature
490,3215468399.jpg,nature
491,3660494398.jpg,nature
492,4476269519.jpg,nature
493,3995668413.jpg,nature
494,3343067403.jpg,nature
495,4149866426.jpg,nature
496,2991495402.jpg,nature
497,4984875454.jpg,nature
498,2570263410.jpg,nature
499,4752072400.jpg,nature
500,4207666408.jpg,nature
501,3185871402.jpg,nature
502,2890660973.jpg,nature
503,2697863451.jpg,nature
504,5033867321.jpg,nature
505,3016695468.jpg,nature
506,2703865514.jpg,nature
507,4707469496.jpg,nature
508,2917461508.jpg,nature
509,3126463404.jpg,nature
510,4026865509.jpg,nature
511,4870667427.jpg,nature
512,3552269484.jpg,nature
513,2795856406.jpg,nature
514,3841476789.jpg,nature
515,4025268468.jpg,nature
516,4167667436.jpg,nature
517,4618480434.jpg,nature
518,2481289989.jpg,nature
519,2942658405.jpg,nature
520,4912272438.jpg,nature
521,4651276545.jpg,nature
522,4916670472.jpg,nature
523,4040065402.jpg,nature
524,4548867403.jpg,nature
525,3184267363.jpg,nature
526,3891873639.jpg,nature
527,4720870718.jpg,nature
528,2987086428.jpg,nature
529,4382670464.jpg,nature
530,4532468465.jpg,nature
531,3833894408.jpg,nature
532,4038669490.jpg,nature
533,2804663401.jpg,nature
534,3466067399.jpg,nature
535,4691271403.jpg,nature
536,2579263536.jpg,nature
537,3386065403.jpg,nature
538,3862263401.jpg,nature
539,2913052830.jpg,nature
540,2782457697.jpg,nature
541,4649675443.jpg,nature
542,3927465506.jpg,nature
543,4222663405.jpg,nature
544,2552487397.jpg,nature
545,4029667438.jpg,nature
546,3960074970.jpg,nature
547,2674262406.jpg,nature
548,4160271399.jpg,nature
549,3472060397.jpg,nature
550,2499087378.jpg,nature
551,4674877045.jpg,nature
552,3153259424.jpg,nature
553,2632660123.jpg,nature
554,4897472399.jpg,nature
555,5005663403.jpg,nature
556,4302664399.jpg,nature
557,3375666854.jpg,nature
558,3384667131.jpg,nature
559,4296668401.jpg,nature
560,3092454400.jpg,nature
561,2468086977.jpg,nature
562,5039860416.jpg,nature
563,3264471565.jpg,nature
564,4526670021.jpg,nature
565,3095464432.jpg,nature
566,4768473508.jpg,nature
567,3688695274.jpg,nature
568,4740272436.jpg,nature
569,3400867403.jpg,nature
570,4072866659.jpg,nature
571,3734692227.jpg,nature
572,2893658405.jpg,nature
573,2625261493.jpg,nature
574,2681653507.jpg,nature
575,4440669577.jpg,nature
576,4396076140.jpg,nature
577,4310072398.jpg,nature
578,3486868075.jpg,nature
579,4114267533.jpg,nature
580,4032669224.jpg,nature
581,2812064400.jpg,nature
582,4080268398.jpg,nature
583,2760257663.jpg,nature
584,3111662288.jpg,nature
585,3549269494.jpg,nature
586,3337067098.jpg,nature
587,2988686419.jpg,nature
588,4805471399.jpg,nature
589,4188472457.jpg,nature
590,4895872398.jpg,nature
591,3676683292.jpg,nature
592,4808464407.jpg,nature
593,4977467902.jpg,nature
594,2650456398.jpg,nature
595,3246666684.jpg,nature
596,4433271466.jpg,nature
597,3710896155.jpg,nature
598,4410873501.jpg,nature
599,3697492403.jpg,nature
600,3519661404.jpg,nature
601,4706067403.jpg,nature
602,4037270403.jpg,nature
603,3525467395.jpg,nature
604,4888471252.jpg,nature
605,4148467471.jpg,nature
606,3878465739.jpg,nature
607,4020870399.jpg,nature
608,4400470508.jpg,nature
609,3433467220.jpg,nature
610,3512065136.jpg,nature
611,2956060401.jpg,nature
612,4314473516.jpg,nature
613,4820271324.jpg,nature
614,4164666566.jpg,nature
615,4676473398.jpg,nature
616,3162067377.jpg,nature
617,3196268399.jpg,nature
618,4753472398.jpg,nature
619,3037468078.jpg,nature
620,3882860397.jpg,nature
621,2924863407.jpg,nature
622,4556264799.jpg,nature
623,3838467416.jpg,nature
624,3664899404.jpg,nature
625,3779099219.jpg,nature
626,3125062510.jpg,nature
627,2950056417.jpg,nature
628,3279269398.jpg,nature
629,4427273129.jpg,nature
630,3936268403.jpg,nature
631,2985688005.jpg,nature
632,3730100434.jpg,nature
633,2815058441.jpg,nature
634,3432067457.jpg,nature
635,2505083403.jpg,nature
636,2770659666.jpg,nature
637,3516664436.jpg,nature
638,4934472409.jpg,nature
639,3921467618.jpg,nature
640,4726872427.jpg,nature
641,3685694403.jpg,nature
642,3071655601.jpg,nature
643,2920461144.jpg,nature
644,2576262402.jpg,nature
645,3553667147.jpg,nature
646,3176872401.jpg,nature
647,5007065707.jpg,nature
648,3406868437.jpg,nature
649,2908457403.jpg,nature
650,2773457072.jpg,nature
651,2700865673.jpg,nature
652,2597059424.jpg,nature
653,3739098741.jpg,nature
654,2554085490.jpg,nature
655,4323466432.jpg,nature
656,3242268439.jpg,nature
657,3217067794.jpg,nature
658,2783856469.jpg,nature
659,4829264405.jpg,nature
660,4090471248.jpg,nature
661,3522459408.jpg,nature
662,3825095410.jpg,nature
663,4130665496.jpg,nature
664,4990871415.jpg,nature
665,3052465507.jpg,nature
666,4445076403.jpg,nature
667,4669074409.jpg,nature
668,4031266408.jpg,nature
669,3583267399.jpg,nature
670,3062666446.jpg,nature
671,2935260428.jpg,nature
672,3790900403.jpg,nature
673,2549487403.jpg,nature
674,4477668773.jpg,nature
675,3822094402.jpg,nature
676,2881854402.jpg,nature
677,2794258512.jpg,nature
678,3743500223.jpg,nature
679,2557084399.jpg,nature
680,3030078450.jpg,nature
681,4987867525.jpg,nature
682,4338270402.jpg,nature
683,3615867599.jpg,nature
684,4563676414.jpg,nature
685,3920064428.jpg,nature
686,4096472433.jpg,nature
687,4259675395.jpg,nature
688,3031666689.jpg,nature
689,3868066658.jpg,nature
690,3202067442.jpg,nature
691,4249276091.jpg,nature
692,4715072402.jpg,nature
693,3774695399.jpg,nature
694,4106868978.jpg,nature
695,3826498545.jpg,nature
696,3574463404.jpg,nature
697,4542868399.jpg,nature
698,4781666998.jpg,nature
699,4864870486.jpg,nature
700,4731272403.jpg,nature
701,2503691429.jpg,nature
702,2872861501.jpg,nature
703,3157662429.jpg,nature
704,4412472437.jpg,nature
705,3012292339.jpg,nature
706,3590661511.jpg,nature
707,4746064947.jpg,nature
708,3116062416.jpg,nature
709,3438069494.jpg,nature
710,3277872394.jpg,nature
711,4514660875.jpg,nature
712,4580069495.jpg,nature
713,2927860865.jpg,nature
714,3917067399.jpg,nature
715,2755660596.jpg,nature
716,3934866171.jpg,nature
717,2595659404.jpg,nature
718,4670471437.jpg,nature
719,2641464396.jpg,nature
720,4778665527.jpg,nature
721,4326466668.jpg,nature
722,3328267403.jpg,nature
723,4749071402.jpg,nature
724,4931472401.jpg,nature
725,4617072404.jpg,nature
726,4575473597.jpg,nature
727,3544859324.jpg,nature
728,4694271384.jpg,nature
729,4335264415.jpg,nature
730,2573263402.jpg,nature
731,4802466401.jpg,nature
732,3338668139.jpg,nature
733,4938875611.jpg,nature
734,4504466403.jpg,nature
735,4436070572.jpg,nature
736,4304060591.jpg,nature
737,4738671403.jpg,nature
738,3802903400.jpg,nature
739,3653068425.jpg,nature
740,3495867423.jpg,nature
741,2855059184.jpg,nature
742,2816456399.jpg,nature
743,3138462407.jpg,nature
744,4970067401.jpg,nature
745,2819450403.jpg,nature
746,4968669702.jpg,nature
747,3093861521.jpg,nature
748,4983473542.jpg,nature
749,3635272939.jpg,nature
750,3807295156.jpg,nature
751,3387470403.jpg,nature
752,3836904403.jpg,nature
753,2972258491.jpg,nature
754,2785456400.jpg,nature
755,4095067121.jpg,nature
756,4215070201.jpg,nature
757,2945657665.jpg,nature
758,3587868466.jpg,nature
759,4614075402.jpg,nature
760,3762698402.jpg,nature
761,4605271400.jpg,nature
762,3884463410.jpg,nature
763,4185463403.jpg,nature
764,2864062865.jpg,nature
765,4664475129.jpg,nature
766,4204865547.jpg,nature
767,4017872589.jpg,nature
768,3454266417.jpg,nature
769,4872273693.jpg,nature
770,3550666613.jpg,nature
771,4480672422.jpg,nature
772,3675297543.jpg,nature
773,4901879771.jpg,nature
774,4657072405.jpg,nature
775,4317467401.jpg,nature
776,3593663403.jpg,nature
777,2665263404.jpg,nature
778,4875067874.jpg,nature
779,2487294126.jpg,nature
780,4416869832.jpg,nature
781,3086463464.jpg,nature
782,3461661038.jpg,nature
783,3973474823.jpg,nature
784,3856270164.jpg,nature
785,4531069072.jpg,nature
786,3122064393.jpg,nature
787,3501663680.jpg,nature
788,3761295408.jpg,nature
789,4385674629.jpg,nature
790,3589268481.jpg,nature
791,3651460406.jpg,nature
792,3190271661.jpg,nature
793,2571865644.jpg,nature
794,4744671124.jpg,nature
795,3427661658.jpg,nature
796,5020464461.jpg,nature
797,2516905235.jpg,nature
798,3638264399.jpg,nature
799,3193267427.jpg,nature
800,4919671174.jpg,nature
801,3214074770.jpg,nature
802,3443867568.jpg,nature
803,3166669403.jpg,nature
804,2626663397.jpg,nature
805,3455870396.jpg,nature
806,5013065513.jpg,nature
807,4452469511.jpg,nature
808,4320467175.jpg,nature
809,3449868815.jpg,nature
810,4449470305.jpg,nature
811,3274876469.jpg,nature
812,4804067548.jpg,nature
813,3304468401.jpg,nature
814,3298668403.jpg,nature
815,3074660413.jpg,nature
816,4206271431.jpg,nature
817,4758072210.jpg,nature
818,2788456403.jpg,nature
819,4123271400.jpg,nature
820,4053469496.jpg,nature
821,4456874402.jpg,nature
822,3937876186.jpg,nature
823,2683061506.jpg,nature
824,2786856461.jpg,nature
825,4060867406.jpg,nature
826,4264071791.jpg,nature
827,4004468983.jpg,nature
828,3236269555.jpg,nature
829,3509265503.jpg,nature
830,4491072398.jpg,nature
831,4286270580.jpg,nature
832,4010468800.jpg,nature
833,4535465648.jpg,nature
834,3976459443.jpg,nature
835,4554867155.jpg,nature
836,3596665497.jpg,nature
837,3273268401.jpg,nature
838,3755296400.jpg,nature
839,4698671429.jpg,nature
840,4442069573.jpg,nature
841,3389064407.jpg,nature
842,2869861514.jpg,nature
843,4529670399.jpg,nature
844,4520670413.jpg,nature
845,4700069490.jpg,nature
846,4287872404.jpg,nature
847,4381270570.jpg,nature
848,4621473492.jpg,nature
849,4907872404.jpg,nature
850,4953670676.jpg,nature
851,3559665506.jpg,nature
852,3750906707.jpg,nature
853,3989667457.jpg,nature
854,4003067173.jpg,nature
855,3918469504.jpg,nature
856,4557662809.jpg,nature
857,4655671401.jpg,nature
858,4081667162.jpg,nature
859,3317867444.jpg,nature
860,2564491072.jpg,nature
861,4719471401.jpg,nature
862,4474665720.jpg,nature
863,4924072994.jpg,nature
864,3231866795.jpg,nature
865,3820691625.jpg,nature
866,2835857400.jpg,nature
867,4197464420.jpg,nature
868,4373871398.jpg,nature
869,4992277126.jpg,nature
870,4241868395.jpg,nature
871,2585263159.jpg,nature
872,4394680565.jpg,nature
873,4787661483.jpg,nature
874,4359075241.jpg,nature
875,2638664995.jpg,nature
876,3865052097.jpg,nature
877,3733092957.jpg,nature
878,4967065510.jpg,nature
879,3998675581.jpg,nature
880,4887072400.jpg,nature
881,2718664481.jpg,nature
882,3789492403.jpg,nature
883,3604071429.jpg,nature
884,3656096404.jpg,nature
885,4839664449.jpg,nature
886,2680063403.jpg,nature
887,3188871435.jpg,nature
888,4608270205.jpg,nature
889,3221468399.jpg,nature
890,2473893442.jpg,nature
891,3783494414.jpg,nature
892,3543267403.jpg,nature
893,3925864405.jpg,nature
894,4906271603.jpg,nature
895,4182473362.jpg,nature
896,2844659412.jpg,nature
897,2736486407.jpg,nature
898,4453867618.jpg,nature
899,4200276303.jpg,nature
900,5053072404.jpg,nature
901,3110265403.jpg,nature
902,4947871403.jpg,nature
903,4100869479.jpg,nature
904,3678297501.jpg,nature
905,4341272395.jpg,nature
906,3488463407.jpg,nature
907,3182869617.jpg,nature
908,3977866802.jpg,nature
909,2594068397.jpg,nature
910,4784669500.jpg,nature
911,2506491457.jpg,nature
912,3881463240.jpg,nature
913,4679482399.jpg,nature
914,2714263407.jpg,nature
915,3096863398.jpg,nature
916,4146863403.jpg,nature
917,4074274758.jpg,nature
918,2534687420.jpg,nature
919,4507279407.jpg,nature
920,3613068399.jpg,nature
921,4734272277.jpg,nature
922,3239275002.jpg,nature
923,3491463405.jpg,nature
924,3839893772.jpg,nature
925,2859657403.jpg,nature
926,4553270407.jpg,nature
927,3725693693.jpg,nature
928,3249666402.jpg,nature
929,2976663399.jpg,nature
930,3022662402.jpg,nature
931,3101259401.jpg,nature
932,2914462404.jpg,nature
933,3283667173.jpg,nature
934,2726061499.jpg,nature
935,3992663405.jpg,nature
936,3263067765.jpg,nature
937,3712296893.jpg,nature
938,3248072434.jpg,nature
939,2540683551.jpg,nature
940,3954066673.jpg,nature
941,3673896406.jpg,nature
942,4001664467.jpg,nature
943,2616263405.jpg,nature
944,3829497404.jpg,nature
945,4034268987.jpg,nature
946,3040465393.jpg,nature
947,3403867171.jpg,nature
948,3572867454.jpg,nature
949,4367871400.jpg,nature
950,2825457493.jpg,nature
951,2749855305.jpg,nature
952,4339669490.jpg,nature
953,3469067398.jpg,nature
954,3644072422.jpg,nature
955,4910671447.jpg,nature
956,4642272402.jpg,nature
957,3435064402.jpg,nature
958,4830668456.jpg,nature
959,4455467387.jpg,nature
960,2997487468.jpg,nature
961,3988267405.jpg,nature
962,3598267241.jpg,nature
963,4112865535.jpg,nature
964,4364872138.jpg,nature
965,3905268404.jpg,nature
966,4267064457.jpg,nature
967,3672290666.jpg,nature
968,4849867514.jpg,nature
969,4551870399.jpg,nature
970,3880063129.jpg,nature
971,2469490440.jpg,nature
972,3082056406.jpg,nature
973,3212467401.jpg,nature
974,3752498406.jpg,nature
975,4219666405.jpg,nature
976,3329667401.jpg,nature
977,2592668828.jpg,nature
978,2961861515.jpg,nature
979,4661673504.jpg,nature
980,4835069476.jpg,nature
981,2966263401.jpg,nature
982,3034666472.jpg,nature
983,4513269492.jpg,nature
984,4495471024.jpg,nature
985,2806260404.jpg,nature
986,2525885074.jpg,nature
987,2583666741.jpg,nature
988,4824671430.jpg,nature
989,3316460551.jpg,nature
990,2892256362.jpg,nature
991,3503260404.jpg,nature
992,3731697472.jpg,nature
993,2964860402.jpg,nature
994,3513659206.jpg,nature
995,3983867765.jpg,nature
996,4596271400.jpg,nature
997,3877067402.jpg,nature
998,3001891392.jpg,nature
999,2558484399.jpg,nature
1000,3340066403.jpg,nature
1001,3792496403.jpg,nature
1002,4663075112.jpg,nature
1003,4209270414.jpg,nature
1004,2488687403.jpg,nature
1005,3885868404.jpg,nature
1006,2689061555.jpg,nature
1007,2711259440.jpg,nature
1008,4473267404.jpg,nature
1009,3682687405.jpg,nature
1010,2742482405.jpg,nature
1011,2957459639.jpg,nature
1012,3050864007.jpg,nature
1013,2840255402.jpg,nature
1014,3911064404.jpg,nature
1015,4763871397.jpg,nature
1016,4600872398.jpg,nature
1017,3085062510.jpg,nature
1018,3363868407.jpg,nature
1019,3282267420.jpg,nature
1020,4430265630.jpg,nature
1021,4597871395.jpg,nature
1022,3156264951.jpg,nature
1023,3788095399.jpg,nature
1024,4624475400.jpg,nature
1025,2743881928.jpg,nature
1026,3556671431.jpg,nature
1027,3623468094.jpg,nature
1028,3448272397.jpg,nature
1029,3044867400.jpg,nature
1030,3924463579.jpg,nature
1031,4626074470.jpg,nature
1032,2545086986.jpg,nature
1033,3595271399.jpg,nature
1034,3165070703.jpg,nature
1035,4643873496.jpg,nature
1036,4861864467.jpg,nature
1037,3218471198.jpg,nature
1038,3661892437.jpg,nature
1039,4195870405.jpg,nature
1040,4806867549.jpg,nature
1041,3128062403.jpg,nature
1042,4268467653.jpg,nature
1043,3759894466.jpg,nature
1044,3168068400.jpg,nature
1045,4413873543.jpg,nature
1046,4252273096.jpg,nature
1047,4646671403.jpg,nature
1048,4640875206.jpg,nature
1049,4717870471.jpg,nature
1050,4468668403.jpg,nature
1051,4483669491.jpg,nature
1052,4750467135.jpg,nature
1053,3243667407.jpg,nature
1054,4965672431.jpg,nature
1055,4743071401.jpg,nature
1056,2981260241.jpg,nature
1057,3346063401.jpg,nature
1058,3727297022.jpg,nature
1059,3745086403.jpg,nature
1060,3832496398.jpg,nature
1061,2824059636.jpg,nature
1062,3392072406.jpg,nature
1063,2792858411.jpg,nature
1064,4765479429.jpg,nature
1065,3570068401.jpg,nature
1066,4723875402.jpg,nature
1067,4636276446.jpg,nature
1068,2822459655.jpg,nature
1069,4213665503.jpg,nature
1070,4658672398.jpg,nature
1071,2475496400.jpg,nature
1072,3470667425.jpg,nature
1073,3383067735.jpg,nature
1074,2958858429.jpg,nature
1075,4281867683.jpg,nature
1076,4798062418.jpg,nature
1077,4890070399.jpg,nature
1078,3286671477.jpg,nature
1079,2620864435.jpg,nature
1080,4135060423.jpg,nature
1081,3381668464.jpg,nature
1082,3424667024.jpg,nature
1083,2758651441.jpg,nature
1084,3058265488.jpg,nature
1085,4496870400.jpg,nature
1086,2611859405.jpg,nature
1087,3141268892.jpg,nature
1088,4796475678.jpg,nature
1089,5001266773.jpg,nature
1090,3942271428.jpg,nature
1091,4574073515.jpg,nature
1092,2740882744.jpg,nature
1093,3159066426.jpg,nature
1094,4465868428.jpg,nature
1095,4814276373.jpg,nature
1096,4056474651.jpg,nature
1097,3421668398.jpg,nature
1098,2692057465.jpg,nature
1099,3033068394.jpg,nature
1100,3897664986.jpg,nature
1101,4737272403.jpg,nature
1102,4799468734.jpg,nature
1103,4006067098.jpg,nature
1104,4633475404.jpg,nature
1105,5041273643.jpg,nature
1106,3285269558.jpg,nature
1107,4703071400.jpg,nature
1108,4284865500.jpg,nature
1109,4777263411.jpg,nature
1110,3799898723.jpg,nature
1111,2752855401.jpg,nature
1112,2598455407.jpg,nature
1113,4172063418.jpg,nature
1114,3451261548.jpg,nature
1115,3547664399.jpg,nature
1116,4437667749.jpg,nature
1117,4369475433.jpg,nature
1118,2562896865.jpg,nature
1119,3742095258.jpg,nature
1120,4357470403.jpg,nature
1121,3963064408.jpg,nature
1122,4351670428.jpg,nature
1123,2603061036.jpg,nature
1124,3163668305.jpg,nature
1125,4218067402.jpg,nature
1126,3291071485.jpg,nature
1127,5023467402.jpg,nature
1128,3255468402.jpg,nature
1129,4560669554.jpg,nature
1130,2705260401.jpg,nature
1131,4246271407.jpg,nature
1132,4741671467.jpg,nature
1133,2617871403.jpg,nature
1134,2531690059.jpg,nature
1135,3049465401.jpg,nature
1136,2591063191.jpg,nature
1137,4261065557.jpg,nature
1138,3300068404.jpg,nature
1139,4092068399.jpg,nature
1140,3641263403.jpg,nature
1141,5008664398.jpg,nature
1142,3104262404.jpg,nature
1143,4677872427.jpg,nature
1144,4728274400.jpg,nature
1145,4851473515.jpg,nature
1146,4927070402.jpg,nature
1147,4569671555.jpg,nature
1148,4253672401.jpg,nature
1149,3319267403.jpg,nature
1150,3004891401.jpg,nature
1151,4387263404.jpg,nature
1152,3997067402.jpg,nature
1153,3722693514.jpg,nature
1154,2646068408.jpg,nature
1155,3344465522.jpg,nature
1156,2662263384.jpg,nature
1157,4393072430.jpg,nature
1158,4055067429.jpg,nature
1159,2930660746.jpg,nature
1160,4774270406.jpg,nature
1161,2856660206.jpg,nature
1162,2472489495.jpg,nature
1163,3507668403.jpg,nature
1164,4611075401.jpg,nature
1165,4155860447.jpg,nature
1166,3546267403.jpg,nature
1167,4974471123.jpg,nature
1168,2754262874.jpg,nature
1169,3395069244.jpg,nature
1170,3289667427.jpg,nature
1171,2803260426.jpg,nature
1172,2902655295.jpg,nature
1173,3728695400.jpg,nature
1174,4817270414.jpg,nature
1175,4418268407.jpg,nature
1176,3524058775.jpg,nature
1177,3813293405.jpg,nature
1178,2727459545.jpg,nature
1179,3117664398.jpg,nature
1180,4324861648.jpg,nature
1181,3703492778.jpg,nature
1182,3374266994.jpg,nature
1183,4013476153.jpg,nature
1184,4986473512.jpg,nature
1185,4836672258.jpg,nature
1186,3482458423.jpg,nature
1187,4594868402.jpg,nature
1188,4501470404.jpg,nature
1189,4049068401.jpg,nature
1190,2637065603.jpg,nature
1191,4860268988.jpg,nature
1192,3747897621.jpg,nature
1193,4697271406.jpg,nature
1194,3847272436.jpg,nature
1195,4471667401.jpg,nature
1196,3276267404.jpg,nature
1197,4265665501.jpg,nature
1198,4812871630.jpg,nature
1199,4157269502.jpg,nature
1200,4892868056.jpg,nature
1201,4933072422.jpg,nature
1202,4362071129.jpg,nature
1203,4786267403.jpg,nature
1204,5004266405.jpg,nature
1205,4537065497.jpg,nature
1206,3352071399.jpg,nature
1207,3025699184.jpg,nature
1208,5042666404.jpg,nature
1209,4194470426.jpg,nature
1210,2828456403.jpg,nature
1211,4464271404.jpg,nature
1212,4858871406.jpg,nature
1213,3845866406.jpg,nature
1214,4099466403.jpg,nature
1215,4234471400.jpg,nature
1216,4944870406.jpg,nature
1217,3611466648.jpg,nature
1218,4559271404.jpg,nature
1219,2653461742.jpg,nature
1220,3240659231.jpg,nature
1221,3362267404.jpg,nature
1222,4415472395.jpg,nature
1223,4345668451.jpg,nature
1224,2868458402.jpg,nature
1225,2521489407.jpg,nature
1226,2482891124.jpg,nature
1227,3648667412.jpg,nature
1228,3024268400.jpg,nature
1229,4492468565.jpg,nature
1230,3718296434.jpg,nature
1231,2941067551.jpg,nature
1232,4169270397.jpg,nature
1233,5051671395.jpg,nature
1234,3667896410.jpg,nature
1235,3415667410.jpg,nature
1236,3540273030.jpg,nature
1237,4517666626.jpg,nature
1238,4695667497.jpg,nature
1239,4949271456.jpg,nature
1240,3971864402.jpg,nature
1241,2907062409.jpg,nature
1242,2858059475.jpg,nature
1243,4071270462.jpg,nature
1244,3139859406.jpg,nature
1245,4376862582.jpg,nature
1246,3908071601.jpg,nature
1247,3831097506.jpg,nature
1248,4299666741.jpg,nature
1249,4228466460.jpg,nature
1250,3119058825.jpg,nature
1251,4587463412.jpg,nature
1252,4688273531.jpg,nature
1253,2915863385.jpg,nature
1254,3306068467.jpg,nature
1255,3463269488.jpg,nature
1256,2764655405.jpg,nature
1257,4232871120.jpg,nature
1258,2948456405.jpg,nature
1259,4971471426.jpg,nature
1260,2757255426.jpg,nature
1261,3810296407.jpg,nature
1262,4898871467.jpg,nature
1263,2706866196.jpg,nature
1264,4124660401.jpg,nature
1265,4083068265.jpg,nature
1266,3767296455.jpg,nature
1267,4508865404.jpg,nature
1268,2539286111.jpg,nature
1269,3154662403.jpg,nature
1270,4009070461.jpg,nature
1271,3411264402.jpg,nature
1272,2933661791.jpg,nature
1273,4178066771.jpg,nature
1274,4434671455.jpg,nature
1275,4993872402.jpg,nature
1276,2923260404.jpg,nature
1277,2631059332.jpg,nature
1278,3308870404.jpg,nature
1279,4961269405.jpg,nature
1280,3914060469.jpg,nature
1281,3681294234.jpg,nature
1282,2841861508.jpg,nature
1283,4505871429.jpg,nature
1284,4158867611.jpg,nature
1285,3555063404.jpg,nature
1286,3142871385.jpg,nature
1287,3224469504.jpg,nature
1288,4201872437.jpg,nature
1289,4654072435.jpg,nature
1290,3307471403.jpg,nature
1291,3854669785.jpg,nature
1292,4488071402.jpg,nature
1293,3320867339.jpg,nature
1294,4443468590.jpg,nature
1295,2810656400.jpg,nature
1296,4538467274.jpg,nature
1297,3325272411.jpg,nature
1298,4821669396.jpg,nature
1299,2954459466.jpg,nature
1300,3844469396.jpg,nature
1301,2867060401.jpg,nature
1302,5032463402.jpg,nature
1303,3059866400.jpg,nature
1304,3079057563.jpg,nature
1305,4510267614.jpg,nature
1306,4844070436.jpg,nature
1307,4747670158.jpg,nature
1308,2895259404.jpg,nature
1309,3939269492.jpg,nature
1310,4179469511.jpg,nature
1311,2889256405.jpg,nature
1312,2921860403.jpg,nature
1313,4962672431.jpg,nature
1314,3654473624.jpg,nature
1315,3430666519.jpg,nature
1316,3500267447.jpg,nature
1317,3952676063.jpg,nature
1318,4867666403.jpg,nature
1319,4372272400.jpg,nature
1320,4599270182.jpg,nature
1321,4996871456.jpg,nature
1322,3457275597.jpg,nature
1323,4419871446.jpg,nature
1324,2797256468.jpg,nature
1325,2834259443.jpg,nature
1326,4903271409.jpg,nature
1327,4792069399.jpg,nature
1328,3817697395.jpg,nature
1329,3793899399.jpg,nature
1330,3174067393.jpg,nature
1331,2791258402.jpg,nature
1332,3237672395.jpg,nature
1333,2910059221.jpg,nature
1334,4979075404.jpg,nature
1335,3135461505.jpg,nature
1336,4115867917.jpg,nature
1337,3575864460.jpg,nature
1338,4981874668.jpg,nature
1339,3518063422.jpg,nature
1340,4958271407.jpg,nature
1341,2821059420.jpg,nature
1342,4459872437.jpg,nature
1343,3366866865.jpg,nature
1344,2963456938.jpg,nature
1345,2875864390.jpg,nature
1346,2577655405.jpg,nature
1347,2543686407.jpg,nature
1348,2686063465.jpg,nature
1349,3957066404.jpg,nature
1350,3043466749.jpg,nature
1351,3203672399.jpg,nature
1352,5014665498.jpg,nature
1353,3704898415.jpg,nature
1354,4102468047.jpg,nature
1355,2622262407.jpg,nature
1356,3010895670.jpg,nature
1357,4565272425.jpg,nature
1358,4766863421.jpg,nature
1359,4863272399.jpg,nature
1360,3796905506.jpg,nature
1361,2640056942.jpg,nature
1362,4240468428.jpg,nature
1363,3409868133.jpg,nature
1364,4062470326.jpg,nature
1365,4606674398.jpg,nature
1366,4391673654.jpg,nature
1367,2511089475.jpg,nature
1368,3412870584.jpg,nature
1369,3642663451.jpg,nature
1370,4762474400.jpg,nature
1371,4841076461.jpg,nature
1372,4826276327.jpg,nature
1373,3808695403.jpg,nature
1374,4308670610.jpg,nature
1375,2733457849.jpg,nature
1376,3341667914.jpg,nature
1377,2696461909.jpg,nature
1378,3629270832.jpg,nature
1379,3955660439.jpg,nature
1380,4224079603.jpg,nature
1381,2896659308.jpg,nature
1382,3261464398.jpg,nature
1383,3099873531.jpg,nature
1384,4852871399.jpg,nature
1385,4522070401.jpg,nature
1386,3136862648.jpg,nature
1387,3178470404.jpg,nature
1388,3408271016.jpg,nature
1389,3633666402.jpg,nature
1390,2485885502.jpg,nature
1391,3402467372.jpg,nature
1392,5030867410.jpg,nature
1393,2724663467.jpg,nature
1394,3835496454.jpg,nature
1395,4680871401.jpg,nature
1396,4603673490.jpg,nature
1397,3933269686.jpg,nature
1398,2978259179.jpg,nature
1399,2536289846.jpg,nature
1400,3105662342.jpg,nature
1401,3535863410.jpg,nature
1402,2512487405.jpg,nature
1403,3814695501.jpg,nature
1404,4399070402.jpg,nature
1405,3046465814.jpg,nature
1406,2994486419.jpg,nature
1407,3946672391.jpg,nature
1408,2515495406.jpg,nature
1409,2494687400.jpg,nature
1410,4482071625.jpg,nature
1411,4408063404.jpg,nature
1412,3478068229.jpg,nature
1413,3132459217.jpg,nature
1414,3776094466.jpg,nature
1415,2884859482.jpg,nature
1416,2953058401.jpg,nature
1417,4921071411.jpg,nature
1418,3393465494.jpg,nature
1419,4093472430.jpg,nature
1420,4210670200.jpg,nature
1421,2648860403.jpg,nature
1422,4216671433.jpg,nature
1423,4313069562.jpg,nature
1424,3233266423.jpg,nature
1425,2996087578.jpg,nature
1426,4815864405.jpg,nature
1427,2559892369.jpg,nature
1428,4528066404.jpg,nature
1429,2657866655.jpg,nature
1430,4342667399.jpg,nature
1431,2604459405.jpg,nature
1432,4379871408.jpg,nature
1433,3632267425.jpg,nature
1434,3890268433.jpg,nature
1435,2732064397.jpg,nature
1436,4360472398.jpg,nature
1437,3292663404.jpg,nature
1438,2513887402.jpg,nature
1439,3713893077.jpg,nature
1440,4142465398.jpg,nature
1441,2886259593.jpg,nature
1442,4609672401.jpg,nature
1443,2883260764.jpg,nature
1444,2871454406.jpg,nature
1445,2608856455.jpg,nature
1446,4198864401.jpg,nature
1447,3716898406.jpg,nature
1448,3571471397.jpg,nature
1449,4692672402.jpg,nature
1450,4722473072.jpg,nature
1451,3610067404.jpg,nature
1452,2574861753.jpg,nature
1453,2975260402.jpg,nature
1454,4370869406.jpg,nature
1455,3749497114.jpg,nature
1456,3823697523.jpg,nature
1457,3194671435.jpg,nature
1458,4247867269.jpg,nature
1459,4925671164.jpg,nature
1460,3494267418.jpg,nature
1461,4173671141.jpg,nature
1462,4572671946.jpg,nature
1463,5045668404.jpg,nature
1464,3782096403.jpg,nature
1465,4489469502.jpg,nature
1466,3102860402.jpg,nature
1467,3627866404.jpg,nature
1468,2542085686.jpg,nature
1469,4946268324.jpg,nature
1470,4203271670.jpg,nature
1471,3903658678.jpg,nature
1472,3980869195.jpg,nature
1473,4628878169.jpg,nature
1474,2865460402.jpg,nature
1475,4732873491.jpg,nature
1476,4161666801.jpg,nature
1477,3197670435.jpg,nature
1478,4347071410.jpg,nature
1479,2508083403.jpg,nature
1480,4332271400.jpg,nature
1481,3476470274.jpg,nature
1482,4278871100.jpg,nature
1483,4176667163.jpg,nature
1484,3949664453.jpg,nature
1485,2761660050.jpg,nature
1486,2628263436.jpg,nature
1487,3420268399.jpg,nature
1488,3928868096.jpg,nature
1489,3912663400.jpg,nature
1490,5036865399.jpg,nature
1491,4111267401.jpg,nature
1492,4881069400.jpg,nature
1493,2745451401.jpg,nature
1494,4801067403.jpg,nature
1495,2904059403.jpg,nature
1496,5026468000.jpg,nature
1497,4293660403.jpg,nature
1498,4305672413.jpg,nature
1499,3028691401.jpg,nature
1500,4336870288.jpg,nature
1501,3819102409.jpg,nature
1502,4059465473.jpg,nature
1503,3350463454.jpg,nature
1504,4384270658.jpg,nature
1505,3199268401.jpg,nature
1506,4494072264.jpg,nature
1507,2801656260.jpg,nature
1508,4485071361.jpg,nature
1509,4612673492.jpg,nature
1510,4615671402.jpg,nature
1511,4329277040.jpg,nature
1512,4108466885.jpg,nature
1513,4725267490.jpg,nature
1514,3191866724.jpg,nature
1515,4184064412.jpg,nature
1516,2561487407.jpg,nature
1517,3719699530.jpg,nature
1518,4000069511.jpg,nature
1519,4823272397.jpg,nature
1520,2659258406.jpg,nature
1521,3303062419.jpg,nature
1522,2527283439.jpg,nature
1523,3314866404.jpg,nature
1524,4833667403.jpg,nature
1525,2800264398.jpg,nature
1526,2656461493.jpg,nature
1527,2720063437.jpg,nature
1528,4701671401.jpg,nature
1529,3994069221.jpg,nature
1530,4790665503.jpg,nature
1531,3107268399.jpg,nature
1532,2678668010.jpg,nature
1533,4998267407.jpg,nature
1534,4431668612.jpg,nature
1535,2847656470.jpg,nature
1536,3356465526.jpg,nature
1537,3009287402.jpg,nature
1538,4066867256.jpg,nature
1539,3098262427.jpg,nature
1540,3181470855.jpg,nature
1541,3531466453.jpg,nature
1542,3357868623.jpg,nature
1543,4403468402.jpg,nature
1544,4191464401.jpg,nature
1545,3268872403.jpg,nature
1546,4571072401.jpg,nature
1547,2605860397.jpg,nature
1548,3068657407.jpg,nature
1549,3230269501.jpg,nature
1550,3534458678.jpg,nature
1551,3967467398.jpg,nature
1552,3715295404.jpg,nature
1553,4129071429.jpg,nature
1554,3332670299.jpg,nature
1555,3200668819.jpg,nature
1556,4545866681.jpg,nature
1557,4578478403.jpg,nature
1558,2582259438.jpg,nature
1559,3144263405.jpg,nature
1560,4175067074.jpg,nature
1561,4652672465.jpg,nature
1562,3397866477.jpg,nature
1563,4950870404.jpg,nature
1564,2730460404.jpg,nature
1565,3768696466.jpg,nature
1566,3187268402.jpg,nature
1567,3602663406.jpg,nature
1568,2699460404.jpg,nature
1569,4683871402.jpg,nature
1570,2629656465.jpg,nature
1571,3485466725.jpg,nature
1572,4716472435.jpg,nature
1573,4956668394.jpg,nature
1574,4353072402.jpg,nature
1575,4319071405.jpg,nature
1576,4593275401.jpg,nature
1577,4221068438.jpg,nature
1578,4884075575.jpg,nature
1579,4539867519.jpg,nature
1580,4075667203.jpg,nature
1581,3966063403.jpg,nature
1582,3334264435.jpg,nature
1583,3129458624.jpg,nature
1584,2947068808.jpg,nature
1585,4270070699.jpg,nature
1586,4666069688.jpg,nature
1587,4623073471.jpg,nature
1588,2734884404.jpg,nature
1589,4065267425.jpg,nature
1590,3396468404.jpg,nature
1591,3765692403.jpg,nature
1592,4660071410.jpg,nature
1593,4913673501.jpg,nature
1594,3636669190.jpg,nature
1595,2663863621.jpg,nature
1596,3630867436.jpg,nature
1597,2849257488.jpg,nature
1598,4046067403.jpg,nature
1599,3909667376.jpg,nature
1600,2970860411.jpg,nature
1601,3445464406.jpg,nature
1602,2493288400.jpg,nature
1603,2850655407.jpg,nature
1604,4866268054.jpg,nature
1605,4292266602.jpg,nature
1606,4631870438.jpg,nature
1607,4406475570.jpg,nature
1608,2852061008.jpg,nature
1609,4486666332.jpg,nature
1610,3816101552.jpg,nature
1611,3795494405.jpg,nature
1612,2779457499.jpg,nature
1613,2973659400.jpg,nature
1614,2619260346.jpg,nature
1615,4729877476.jpg,nature
1616,3323860416.jpg,nature
1617,3076059407.jpg,nature
1618,4588870627.jpg,nature
1619,4425665679.jpg,nature
1620,4940471405.jpg,nature
1621,3380067399.jpg,nature
1622,2684463403.jpg,nature
1623,3601069510.jpg,nature
1624,3528461670.jpg,nature
1625,3945261500.jpg,nature
1626,2789863608.jpg,nature
1627,3577462495.jpg,nature
1628,2813661609.jpg,nature
1629,3617464402.jpg,nature
1630,4078666303.jpg,nature
1631,3083460773.jpg,nature
1632,4671877617.jpg,nature
1633,3484064399.jpg,nature
1634,3521059637.jpg,nature
1635,2671256580.jpg,nature
1636,2832861137.jpg,nature
1637,3429068403.jpg,nature
1638,4713471272.jpg,nature
1639,4630472403.jpg,nature
1640,3645668407.jpg,nature
1641,3709495316.jpg,nature
1642,2672663406.jpg,nature
1643,3113255497.jpg,nature
1644,3621863363.jpg,nature
1645,4166260403.jpg,nature
1646,3021290406.jpg,nature
1647,3871064403.jpg,nature
1648,2613262405.jpg,nature
1649,4755076188.jpg,nature
1650,3148864810.jpg,nature
1651,4057869399.jpg,nature
1652,3930464402.jpg,nature
1653,3991271405.jpg,nature
1654,2567468428.jpg,nature
1655,4498465677.jpg,nature
1656,3310471295.jpg,nature
1657,3964465553.jpg,nature
1658,3780501163.jpg,nature
1659,3313459399.jpg,nature
1660,4827670476.jpg,nature
1661,3580463407.jpg,nature
1662,2877261562.jpg,nature
1663,4439070310.jpg,nature
1664,3902263402.jpg,nature
1665,3053866464.jpg,nature
1666,4016467407.jpg,nature
1667,3498872435.jpg,nature
1668,2874459766.jpg,nature
1669,3418667617.jpg,nature
1670,3706497518.jpg,nature
1671,3036068182.jpg,nature
1672,4857271398.jpg,nature
1673,3120661934.jpg,nature
1674,2751257534.jpg,nature
1675,3863671429.jpg,nature
1676,3222866788.jpg,nature
1677,3859271396.jpg,nature
1678,3737493493.jpg,nature
1679,4237468949.jpg,nature
1680,4673471107.jpg,nature
1681,2982684408.jpg,nature
1682,3359466457.jpg,nature
1683,3851865505.jpg,nature
1684,3669297781.jpg,nature
1685,4256670404.jpg,nature
1686,2780860398.jpg,nature
1687,3019691291.jpg,nature
1688,3888868966.jpg,nature
1689,3353467318.jpg,nature
1690,2528883454.jpg,nature
1691,4133665533.jpg,nature
1692,4685282528.jpg,nature
1693,3399471394.jpg,nature
1694,4544466423.jpg,nature
1695,3131057775.jpg,nature
1696,2677064427.jpg,nature
1697,4995271403.jpg,nature
1698,3211069367.jpg,nature
1699,4591871365.jpg,nature
1700,3061263547.jpg,nature
1701,4077269516.jpg,nature
1702,3857672398.jpg,nature
1703,2647463403.jpg,nature
1704,3280868461.jpg,nature
1705,2778061398.jpg,nature
1706,3245269685.jpg,nature
1707,2548083403.jpg,nature
1708,4937475472.jpg,nature
1709,3390468809.jpg,nature
1710,3372666645.jpg,nature
1711,4143878112.jpg,nature
1712,4280470209.jpg,nature
1713,3414267524.jpg,nature
1714,4869266412.jpg,nature
1715,2537689498.jpg,nature
1716,4585870404.jpg,nature
1717,2837260066.jpg,nature
1718,4519267142.jpg,nature
1719,4127667424.jpg,nature
1720,2518487414.jpg,nature
1721,3724289529.jpg,nature
1722,2466455404.jpg,nature
1723,3948252051.jpg,nature
1724,4014864401.jpg,nature
1725,4105472400.jpg,nature
1726,4847071410.jpg,nature
1727,3842868401.jpg,nature
1728,3699093404.jpg,nature
1729,3015297498.jpg,nature
1730,3951073713.jpg,nature
1731,2565887155.jpg,nature
1732,3145863399.jpg,nature
1733,2509487428.jpg,nature
1734,4955271158.jpg,nature
1735,4089069172.jpg,nature
1736,3899268405.jpg,nature
1737,2580659401.jpg,nature
1738,2551091440.jpg,nature
1739,4577071397.jpg,nature
1740,4035666089.jpg,nature
1741,4973070708.jpg,nature
1742,3568471414.jpg,nature
1743,4879670402.jpg,nature
1744,3077661668.jpg,nature
